pasos,variante,exito,colisiones_media,error_pos_mm_mediana,pasos_media,L_cart_media_m
20000,1,0.00,0.0,359.0,300.0,4.387
20000,2,0.00,0.0,287.3,300.0,4.693
20000,5 k=2.0,0.00,0.0,515.9,300.0,5.139
20000,6 esfera,0.00,0.0,265.7,300.0,3.001
40000,1,0.00,0.0,368.7,300.0,4.240
40000,2,0.00,0.0,241.0,300.0,0.871
40000,5 k=2.0,0.00,1.0,358.0,82.0,0.785
40000,6 esfera,0.00,0.0,252.8,300.0,3.930
60000,1,0.00,0.0,31.4,300.0,4.639
60000,2,0.00,0.0,450.1,300.0,4.119
60000,5 k=2.0,0.00,0.0,458.8,300.0,2.748
60000,6 esfera,0.00,1.0,352.0,199.0,2.316
80000,1,0.00,0.0,72.7,300.0,3.500
80000,2,0.00,0.0,284.9,300.0,3.904
80000,5 k=2.0,0.00,0.0,573.8,300.0,3.386
80000,6 esfera,0.00,0.0,116.8,300.0,3.556
100000,1,0.00,0.0,276.9,300.0,2.712
100000,2,0.00,0.0,516.9,300.0,1.994
100000,5 k=2.0,0.00,2.0,590.9,79.0,0.954
100000,6 esfera,0.00,0.0,517.8,300.0,2.010
120000,1,0.00,0.0,249.8,300.0,2.771
120000,2,0.00,1.0,304.5,25.0,0.222
120000,5 k=2.0,0.00,1.0,312.1,56.0,0.770
120000,6 esfera,0.00,0.0,41.4,300.0,1.253
140000,1,0.00,0.0,34.3,300.0,5.574
140000,2,0.00,1.0,178.0,133.0,1.683
140000,5 k=2.0,0.00,0.0,352.7,300.0,2.689
140000,6 esfera,0.00,0.0,30.6,300.0,5.484
160000,1,0.00,0.0,37.0,300.0,3.746
160000,2,0.00,0.0,173.8,300.0,3.337
160000,5 k=2.0,0.00,0.0,561.6,300.0,1.682
160000,6 esfera,0.00,0.0,12.8,300.0,2.346
180000,1,0.00,0.0,17.4,300.0,2.336
180000,2,0.00,0.0,71.7,300.0,4.091
180000,5 k=2.0,0.00,0.0,358.9,300.0,0.985
180000,6 esfera,0.00,0.0,19.8,300.0,2.093
200000,1,0.00,0.0,38.6,300.0,0.801
200000,2,0.00,0.0,38.6,300.0,0.548
200000,5 k=2.0,0.00,1.0,257.5,166.0,1.420
200000,6 esfera,0.00,0.0,38.5,300.0,0.537
220000,1,0.00,0.0,19.2,300.0,4.413
220000,2,0.00,0.0,30.1,300.0,2.456
220000,5 k=2.0,0.00,0.0,445.0,300.0,2.725
220000,6 esfera,0.00,0.0,22.0,300.0,3.106
240000,1,0.00,0.0,45.6,300.0,0.579
240000,2,0.00,0.0,29.8,300.0,2.760
240000,5 k=2.0,0.00,4.0,353.9,193.0,2.341
240000,6 esfera,0.00,0.0,45.6,300.0,0.558
260000,1,0.00,0.0,12.2,300.0,1.963
260000,2,0.00,0.0,83.1,300.0,2.302
260000,5 k=2.0,0.00,0.0,146.9,300.0,3.166
260000,6 esfera,0.00,0.0,7.3,300.0,2.020
280000,1,0.00,0.0,22.2,300.0,2.520
280000,2,0.00,0.0,36.6,300.0,3.618
280000,5 k=2.0,0.00,1.0,242.5,157.0,1.052
280000,6 esfera,0.00,0.0,12.9,300.0,2.354
300000,1,0.00,0.0,13.8,300.0,1.013
300000,2,0.00,1.0,208.8,294.0,2.795
300000,5 k=2.0,0.00,0.0,70.2,300.0,2.910
300000,6 esfera,0.00,0.0,18.5,300.0,1.030
