pasos,variante,exito,colisiones_media,error_pos_mm_mediana,error_ori_rad_mediana,pasos_media,L_cart_media_m
20000,1,0.00,1.0,219.0,1.734,127.0,1.990
20000,2,0.00,0.0,326.8,1.219,300.0,2.996
20000,5 k=2.0,0.00,1.0,345.6,0.415,59.0,0.542
20000,6 esfera,0.00,1.0,232.5,2.045,113.0,1.510
40000,1,0.00,0.0,231.8,0.196,300.0,4.536
40000,2,0.00,0.0,108.1,0.480,300.0,3.673
40000,5 k=2.0,0.00,1.0,293.0,0.260,21.0,0.323
40000,6 esfera,0.00,0.0,97.5,0.931,300.0,3.476
60000,1,0.00,0.0,179.3,0.786,300.0,2.745
60000,2,0.00,0.0,50.5,0.219,300.0,3.224
60000,5 k=2.0,0.00,0.0,355.0,0.418,300.0,1.137
60000,6 esfera,0.00,0.0,179.3,0.820,300.0,2.833
80000,1,0.00,0.0,38.5,0.210,300.0,3.861
80000,2,0.00,0.0,37.2,0.146,300.0,4.514
80000,5 k=2.0,0.00,1.0,365.1,0.101,78.0,0.823
80000,6 esfera,0.00,0.0,35.9,0.109,300.0,4.328
100000,1,0.00,0.0,34.8,0.076,300.0,1.359
100000,2,0.00,0.0,20.7,0.199,300.0,2.393
100000,5 k=2.0,0.00,0.0,358.2,0.157,300.0,0.486
100000,6 esfera,0.00,0.0,34.9,0.109,300.0,1.397
120000,1,0.00,1.0,669.7,2.191,135.0,2.138
120000,2,0.00,1.0,686.3,2.441,135.0,1.983
120000,5 k=2.0,0.00,0.0,479.6,0.367,300.0,2.326
120000,6 esfera,0.00,2.0,696.8,2.061,133.0,1.681
140000,1,0.00,0.0,58.3,0.275,300.0,3.193
140000,2,0.00,0.0,31.2,0.165,300.0,4.344
140000,5 k=2.0,0.00,0.0,515.4,0.727,300.0,7.191
140000,6 esfera,0.00,0.0,22.4,0.222,300.0,4.023
160000,1,0.00,0.0,45.1,0.134,300.0,1.923
160000,2,0.00,0.0,41.2,0.393,300.0,2.463
160000,5 k=2.0,0.00,1.0,277.1,0.964,173.0,1.332
160000,6 esfera,0.00,0.0,34.4,0.057,300.0,3.269
180000,1,0.00,0.0,40.6,0.063,300.0,1.895
180000,2,0.00,0.0,21.7,0.078,300.0,1.952
180000,5 k=2.0,0.00,0.0,483.0,0.185,300.0,1.597
180000,6 esfera,0.00,0.0,28.3,0.031,300.0,2.431
200000,1,0.00,0.0,533.4,3.136,300.0,5.816
200000,2,0.00,0.0,299.0,2.848,300.0,3.636
200000,5 k=2.0,0.00,0.0,335.8,0.288,300.0,3.028
200000,6 esfera,0.00,0.0,533.2,3.136,300.0,6.224
220000,1,0.00,0.0,24.9,0.092,300.0,1.725
220000,2,0.00,0.0,119.6,0.201,300.0,3.754
220000,5 k=2.0,0.00,0.0,448.2,0.281,300.0,1.839
220000,6 esfera,0.00,1.0,450.4,3.062,287.0,3.879
240000,1,0.00,0.0,46.7,0.098,300.0,4.052
240000,2,0.00,0.0,11.1,0.121,300.0,2.125
240000,5 k=2.0,0.00,1.0,305.6,0.341,56.0,0.493
240000,6 esfera,0.00,0.0,24.0,0.070,300.0,3.947
260000,1,0.00,0.0,26.0,0.139,300.0,2.519
260000,2,0.00,0.0,31.8,0.132,300.0,1.845
260000,5 k=2.0,0.00,1.0,306.6,0.286,84.0,0.982
260000,6 esfera,0.00,0.0,6.1,0.179,300.0,1.456
280000,1,0.00,0.0,25.1,0.096,300.0,0.512
280000,2,0.00,0.0,18.0,0.101,300.0,1.517
280000,5 k=2.0,0.00,0.0,285.7,0.367,300.0,0.929
280000,6 esfera,0.00,0.0,25.1,0.096,300.0,0.562
300000,1,0.00,0.0,9.8,0.135,300.0,0.599
300000,2,0.00,0.0,9.2,0.143,300.0,2.008
300000,5 k=2.0,0.00,0.0,292.8,0.167,300.0,0.489
300000,6 esfera,0.00,0.0,9.9,0.135,300.0,0.672
