variante,planner,consulta,codigo,exito,colisiones,L_cart_m,L_art_rad,t_computo_ms,t_ejecucion_s,d_min_obstaculos_m,error_pos_m,error_ori_rad
1,SAC,0,,True,0,0.4867297759420745,2.4325074381975362,16.83514098840533,1.71,inf,0.004563280659881075,0.04526354764013046
2,SAC,0,,True,0,0.6827137258352707,3.7071966607864275,25.63136801472865,2.4899999999999998,0.012725557094141315,0.004667662201714254,0.025809164429705295
3,SAC,0,,False,0,1.2936720894257518,9.30413033296925,135.5892470019171,9.0,0.007137567696048175,0.08532244580808031,1.0296964574180052
4 dx=+0.08,SAC,0,,True,0,0.5259320258957235,3.064096978768384,23.200017982162535,2.16,0.03841524851189679,0.004523381645489843,0.048542157366496586
4 dx=-0.08,SAC,0,,False,0,0.9276139576922005,5.3913295316694425,94.88430996862007,9.0,0.00665434681705201,0.013165097698035956,0.16566662745974786
4 dy=+0.08,SAC,0,,False,0,1.1323554196114198,5.870328330184023,97.98599892383208,9.0,0.02408548472749278,0.030501063866555683,0.14720434819754
4 dy=-0.08,SAC,0,,True,0,0.4810241636814601,2.9787105723805642,23.259830981260166,1.95,0.03073919754742256,0.0040054161016710756,0.047830108918833054
"4 d=+0.06,+0.06",SAC,0,,False,0,0.9243809748823276,5.398417769252868,112.09533901273971,9.0,0.025009529733640595,0.017195414920090055,0.13819857137816022
5 k=0.6,SAC,0,,True,0,0.5189844130862568,2.7114225033119723,21.408898996014614,2.04,0.035199461332556845,0.004465812034356899,0.027708577580942494
5 k=1.0,SAC,0,,True,0,0.6827137258352707,3.7071966607864275,25.41605701117078,2.4899999999999998,0.012725557094141315,0.004667662201714254,0.025809164429705295
5 k=1.5,SAC,0,,False,0,0.9155687465914334,6.26662665429031,93.92278499581153,9.0,0.026959058047308464,0.025680661790014117,0.13330467233564347
5 k=2.0,SAC,0,,False,0,0.558818168625822,3.897141218036272,95.09361808159156,9.0,0.021150961623348577,0.34067316071664977,0.44646560085072623
6 prisma,SAC,0,,True,0,0.6827137258352707,3.7071966607864275,27.834298030938953,2.4899999999999998,0.012725557094141315,0.004667662201714254,0.025809164429705295
6 cilindro,SAC,0,,True,0,0.6307565360727557,3.4494493876137198,28.132397987064905,2.25,0.013050299657253324,0.004020535966489894,0.041282387239490057
6 esfera,SAC,0,,True,0,0.5207981257123128,2.6858885961052055,21.905862995481584,1.68,0.021846983493778963,0.004432030684479551,0.04371544335668937
7 holgura=0.08,SAC,0,,False,0,1.1135193949022832,6.995194749621743,103.63987302116584,9.0,0.045539846263412224,0.043384440349122914,0.10548672467956385
7 holgura=0.10,SAC,0,,False,0,0.8962920336150041,5.864511725715406,93.93628090037964,9.0,0.04468396486485427,0.05702103601426092,0.5292820471611401
7 holgura=0.13,SAC,0,,False,0,0.9452681584312438,7.191868561313248,98.66149495064747,9.0,0.0446723390935767,0.04808680064431533,0.6873885493897883
8,SAC,0,,False,0,1.3456995116353545,9.004120854706736,105.4515859723324,9.0,0.007921269861057404,0.03886025822962331,0.21494567936056996
