conjunto,escena,exito,colision_paso,pasos,pos_final_mm,ori_final_rad,pos_min_mm,pos_min_ori_ok_mm,entra_5mm,entra_7.5mm,entra_10mm,entra_15mm,entra_20mm,entra_30mm
evaluacion,"E001 cilindro k=1.45 d=(-0.005,-0.047)",True,,84,4.766656207225173,0.04909299521925574,4.766656207225173,4.766656207225173,84.0,84.0,84.0,84.0,84.0,84.0
evaluacion,"E002 cilindro k=0.87 d=(-0.035,+0.041)",False,,300,13.545347793118193,0.16732972982632052,4.2075767222309555,335.4168437249783,,,,,,
evaluacion,"E003 prisma k=1.73 d=(-0.040,-0.050)",False,,300,9.167939682994561,0.19785347737877237,3.216847385086391,428.4710003287511,,,,,,
evaluacion,"E004 cilindro k=1.54 d=(-0.035,-0.047)",True,,91,4.404351498800251,0.048040779923657524,4.404351498800251,4.404351498800251,91.0,91.0,91.0,91.0,91.0,91.0
evaluacion,"E005 esfera k=1.51 d=(+0.064,+0.076)",False,,300,48.314870997876696,0.08298143174296115,42.20163610604241,52.88007265509901,,,,,,
evaluacion,"E006 esfera k=1.58 d=(-0.008,-0.077)",True,,67,4.997126229817387,0.04443944198128206,4.358246562579574,4.997126229817387,67.0,65.0,65.0,65.0,65.0,65.0
evaluacion,"E007 prisma k=1.13 d=(-0.029,+0.071)",False,,300,54.01758741363239,0.3052745511550142,31.81507269196078,421.3568637588962,,,,,,
evaluacion,"E008 prisma k=1.08 d=(+0.050,-0.056)",True,,62,4.547032074416355,0.04986169104642974,4.547032074416355,4.547032074416355,62.0,61.0,61.0,61.0,61.0,61.0
evaluacion,"E009 prisma k=1.04 d=(-0.013,+0.049)",False,,300,23.67535233893809,0.20704890802754816,10.718510986157506,359.1660598956039,,,,,,
evaluacion,"E010 prisma k=1.24 d=(+0.009,-0.080)",True,,78,4.820338169011276,0.03613063843885049,4.820338169011276,4.820338169011276,78.0,74.0,70.0,65.0,65.0,65.0
evaluacion,"E011 prisma k=0.68 d=(+0.011,+0.070)",True,,68,4.240845632464298,0.032631298741381376,4.240845632464298,4.240845632464298,68.0,67.0,66.0,63.0,63.0,63.0
evaluacion,"E012 esfera k=1.80 d=(+0.007,-0.019)",False,,300,27.12975489954053,0.2077257899944741,12.806255337978348,424.6093992797712,,,,,,
evaluacion,"E013 cilindro k=1.63 d=(+0.078,+0.063)",False,,300,395.622501882919,0.35625974812393946,383.53206992571654,428.2878681828134,,,,,,
evaluacion,"E014 cilindro k=0.89 d=(-0.032,+0.054)",False,,300,17.623299963464202,0.0970917910469517,7.943415503111812,16.181314894372804,,,,,95.0,95.0
evaluacion,"E015 prisma k=0.93 d=(+0.025,+0.003)",True,,68,3.260977056083205,0.04876736553248205,3.260977056083205,3.260977056083205,68.0,65.0,65.0,65.0,65.0,65.0
evaluacion,"E016 prisma k=1.97 d=(-0.017,-0.007)",False,100.0,100,238.10814132036955,0.8429119903058442,238.10814132036955,427.4618471954567,,,,,,
evaluacion,"E017 prisma k=1.05 d=(+0.020,-0.011)",True,,81,4.766503807525469,0.045429937135186275,4.766503807525469,4.766503807525469,81.0,77.0,77.0,77.0,77.0,77.0
evaluacion,"E018 prisma k=0.74 d=(-0.069,+0.033)",False,,300,20.52777742217113,0.16789744397893058,11.997998789285374,422.5819476820513,,,,,,
evaluacion,"E019 esfera k=1.16 d=(+0.000,-0.041)",True,,61,4.89901906320319,0.0409957384910539,4.89901906320319,4.89901906320319,61.0,56.0,53.0,50.0,50.0,50.0
evaluacion,"E020 esfera k=1.84 d=(+0.070,-0.049)",True,,74,4.703605440201351,0.04046108332715549,4.703605440201351,4.703605440201351,74.0,71.0,70.0,70.0,70.0,70.0
evaluacion,"E021 esfera k=1.54 d=(+0.039,-0.011)",True,,81,4.631879623264727,0.025985572601640177,4.631879623264727,4.631879623264727,81.0,71.0,71.0,71.0,71.0,71.0
evaluacion,"E022 cilindro k=1.34 d=(+0.026,+0.048)",False,,300,397.907727119734,1.8645807808269192,286.0881321342627,428.2878681828134,,,,,,
evaluacion,"E023 prisma k=1.81 d=(+0.033,-0.024)",False,,300,21.288763993083926,0.10821730272981497,12.728895836543721,416.4963106327162,,,,,,
evaluacion,"E024 cilindro k=0.99 d=(-0.006,-0.010)",True,,74,3.6293807824567472,0.044505177946587725,2.5129709841410786,3.6293807824567472,74.0,74.0,74.0,74.0,74.0,74.0
evaluacion,"E025 prisma k=1.39 d=(-0.045,-0.019)",False,,300,10.13099272557806,0.19851778085316676,5.789384107170975,329.88488052403017,,,,,,
evaluacion,"E026 esfera k=1.07 d=(-0.056,+0.025)",False,,300,15.79936815500084,0.11094559533371774,10.617893886298669,423.137250382962,,,,,,
evaluacion,"E027 cilindro k=1.84 d=(-0.052,-0.014)",False,123.0,123,343.4502860352418,2.714689214401195,343.4502860352418,426.82244595806253,,,,,,
evaluacion,"E028 prisma k=0.79 d=(+0.008,-0.047)",True,,63,4.245619640158709,0.04212152449509122,3.905894001195801,4.245619640158709,63.0,61.0,61.0,61.0,61.0,61.0
evaluacion,"E029 prisma k=1.37 d=(+0.022,-0.069)",True,,76,4.158421717965591,0.04871719412014642,3.8809381915650825,4.158421717965591,76.0,76.0,76.0,76.0,76.0,76.0
evaluacion,"E030 esfera k=0.88 d=(-0.035,-0.022)",True,,55,4.72617133806091,0.040253736745868414,4.72617133806091,4.72617133806091,55.0,51.0,49.0,49.0,49.0,49.0
evaluacion,"E031 prisma k=1.19 d=(-0.072,-0.010)",False,,300,558.3428770230898,3.070105808995954,85.58762203954292,423.64267297404075,,,,,,
evaluacion,"E032 prisma k=1.11 d=(+0.029,+0.029)",False,,300,14.252012089379393,0.07983721175946978,8.471188910117574,10.869825986967356,,,,101.0,101.0,101.0
evaluacion,"E033 prisma k=0.72 d=(+0.010,-0.060)",True,,64,4.678700492828309,0.03692332774236992,4.678700492828309,4.678700492828309,64.0,62.0,56.0,55.0,55.0,55.0
evaluacion,"E034 esfera k=1.30 d=(+0.014,+0.029)",False,,300,8.049327008788728,0.11601759878145186,2.0030606312039922,403.28584796316426,,,,,,
evaluacion,"E035 esfera k=1.42 d=(-0.005,+0.020)",False,,300,21.659978576570822,0.16431260018306643,3.5271155332575694,401.0986380761378,,,,,,
evaluacion,"E036 esfera k=0.78 d=(+0.050,+0.066)",True,,60,4.9256437605475965,0.04510742571223975,4.9256437605475965,4.9256437605475965,60.0,58.0,58.0,58.0,58.0,58.0
evaluacion,"E037 esfera k=1.34 d=(+0.027,-0.020)",True,,67,4.9383650714499225,0.04026328683850901,4.9383650714499225,4.9383650714499225,67.0,62.0,62.0,62.0,62.0,62.0
evaluacion,"E038 prisma k=1.83 d=(+0.028,-0.056)",False,,300,7.486518450495127,0.1249666152384124,4.45427095955668,403.64143707339866,,,,,,
evaluacion,"E039 esfera k=1.38 d=(+0.009,+0.048)",False,,300,26.277032628779864,0.06030110894900041,23.35087024180877,27.312637505775182,,,,,,106.0
evaluacion,"E040 cilindro k=1.54 d=(+0.059,+0.034)",False,229.0,229,213.0749875411026,0.914815430063553,212.32357930446162,428.2878681828134,,,,,,
evaluacion,"E041 esfera k=0.98 d=(-0.024,+0.059)",False,,300,31.105490788819253,0.11380986117331662,16.245155741131608,338.53257099054565,,,,,,
evaluacion,"E042 prisma k=1.59 d=(-0.031,-0.057)",False,,300,16.79634467760121,0.0928224366801982,7.45826678663125,416.4639829452137,,,,,,
evaluacion,"E043 esfera k=0.87 d=(+0.065,+0.010)",True,,57,4.922741523577412,0.04593384249018977,4.922741523577412,4.922741523577412,57.0,55.0,51.0,47.0,44.0,41.0
evaluacion,"E044 esfera k=1.36 d=(-0.022,+0.067)",False,,300,42.55351308232542,0.1702461684977732,28.817192270405155,405.904934685606,,,,,,
evaluacion,"E045 esfera k=1.63 d=(+0.028,-0.064)",True,,67,4.109982173494893,0.04337176089125356,3.7627405226968027,4.109982173494893,67.0,67.0,67.0,67.0,67.0,67.0
evaluacion,"E046 prisma k=1.52 d=(-0.007,-0.051)",False,,300,15.61452594068416,0.09411060439638222,10.60608001958534,420.61599463650646,,,,,,
evaluacion,"E047 esfera k=0.81 d=(-0.046,-0.005)",True,,55,4.460877477354819,0.04530725687472801,4.460877477354819,4.460877477354819,55.0,52.0,48.0,45.0,44.0,42.0
evaluacion,"E048 cilindro k=0.61 d=(-0.044,-0.036)",True,,54,4.678219237752675,0.03956763360145666,4.678219237752675,4.678219237752675,54.0,52.0,50.0,46.0,44.0,42.0
evaluacion,"E049 prisma k=1.92 d=(+0.052,-0.005)",False,,300,48.28929350260871,0.3960473618639509,28.327340394554362,426.9153080918587,,,,,,
evaluacion,"E050 cilindro k=1.05 d=(+0.019,+0.002)",True,,81,4.60000808119451,0.027162531476481528,4.60000808119451,4.60000808119451,81.0,77.0,76.0,76.0,76.0,76.0
evaluacion,"E051 esfera k=1.17 d=(-0.060,+0.077)",False,,300,57.600355745906306,0.291650389018326,38.27226647191184,417.967521833908,,,,,,
evaluacion,"E052 prisma k=1.46 d=(+0.028,+0.066)",False,103.0,103,661.2715185964562,2.397382053438438,369.9724609300092,422.9849309808521,,,,,,
evaluacion,"E053 esfera k=0.66 d=(+0.013,+0.047)",True,,64,3.5000733232135124,0.04810475057022087,3.5000733232135124,3.5000733232135124,64.0,64.0,64.0,64.0,64.0,64.0
evaluacion,"E054 prisma k=1.65 d=(-0.078,-0.023)",False,289.0,289,314.5935250795644,2.4725256037779664,194.58346522293147,427.6190305551704,,,,,,
evaluacion,"E055 prisma k=1.83 d=(+0.026,+0.047)",False,,300,406.1892994053314,0.5977003156255466,370.5697832816682,416.24107214266957,,,,,,
evaluacion,"E056 esfera k=1.42 d=(+0.010,+0.003)",False,,300,11.965612479401008,0.07522281808614431,2.4590358329687887,384.55546667957304,,,,,,
evaluacion,"E057 esfera k=1.37 d=(+0.013,-0.074)",True,,71,3.304823217066306,0.049416674072628224,2.5930036087409176,3.304823217066306,71.0,71.0,71.0,71.0,71.0,71.0
evaluacion,"E058 cilindro k=0.66 d=(-0.057,-0.006)",True,,65,4.880727844682846,0.04828690177294137,4.880727844682846,4.880727844682846,65.0,61.0,53.0,49.0,46.0,43.0
evaluacion,"E059 esfera k=1.56 d=(+0.059,+0.077)",False,,300,61.79784908871507,0.11907556197243815,46.13702292443288,421.31040424920667,,,,,,
evaluacion,"E060 cilindro k=0.95 d=(+0.005,-0.059)",True,,66,3.2404503703192793,0.04503152650526506,3.2333072694080944,3.2404503703192793,66.0,66.0,66.0,66.0,66.0,66.0
evaluacion,"E061 esfera k=1.47 d=(-0.007,+0.077)",False,,300,48.87288025552686,0.18860658592429574,32.54196097385004,354.4370353285467,,,,,,
evaluacion,"E062 prisma k=0.96 d=(-0.061,+0.023)",False,,300,9.310884593651114,0.24021560735317782,4.292067620225778,424.6093992797712,,,,,,
evaluacion,"E063 prisma k=0.78 d=(+0.053,-0.075)",True,,57,4.460014374119731,0.045722236027850346,4.460014374119731,4.460014374119731,57.0,53.0,50.0,50.0,50.0,50.0
evaluacion,"E064 esfera k=1.50 d=(+0.039,-0.070)",True,,65,4.233045787852537,0.04624098786324574,4.013438077731281,4.233045787852537,65.0,61.0,61.0,61.0,61.0,61.0
evaluacion,"E065 cilindro k=1.12 d=(-0.066,-0.054)",False,,300,32.4413936216407,0.03735521752276406,18.11393461262526,18.11393461262526,,,,,57.0,57.0
evaluacion,"E066 cilindro k=1.16 d=(-0.048,-0.072)",True,,72,3.4356941855926837,0.045161338726103076,2.6626034783649435,3.4356941855926837,72.0,72.0,72.0,72.0,72.0,72.0
evaluacion,"E067 esfera k=1.08 d=(+0.021,+0.065)",True,,103,3.9694024220779807,0.01084131811464185,3.9694024220779807,3.9694024220779807,103.0,88.0,87.0,82.0,82.0,64.0
evaluacion,"E068 cilindro k=1.10 d=(+0.042,-0.069)",True,,62,4.377379042871349,0.04546010128972121,4.099219743584562,4.377379042871349,62.0,60.0,60.0,60.0,60.0,60.0
evaluacion,"E069 cilindro k=1.73 d=(-0.077,-0.074)",False,,300,18.262908447696176,0.19856342964480045,2.4755065513939116,428.0252309322404,,,,,,
evaluacion,"E070 cilindro k=1.33 d=(-0.046,+0.013)",False,,300,33.101645798735014,0.2633793596265616,20.990865960915706,406.7744345607089,,,,,,
evaluacion,"E071 esfera k=2.00 d=(+0.076,-0.060)",True,,75,4.601166630118832,0.047832553298685986,4.601166630118832,4.601166630118832,75.0,74.0,74.0,74.0,74.0,74.0
evaluacion,"E072 esfera k=0.63 d=(-0.075,+0.071)",False,,300,81.80464264815345,0.14940149575589504,58.816222424420864,312.8696282396898,,,,,,
evaluacion,"E073 prisma k=0.72 d=(-0.043,+0.008)",False,,300,36.50290916771357,0.11241725254885035,28.886879138993763,37.52534739417605,,,,,,
evaluacion,"E074 prisma k=1.87 d=(+0.028,+0.072)",False,,300,390.9370695865494,0.5605047404328335,376.5450510420209,416.4797839750093,,,,,,
evaluacion,"E075 prisma k=0.99 d=(-0.041,+0.043)",False,,300,60.159847160135094,0.2192105569298434,39.158069128130855,397.62301250033175,,,,,,
evaluacion,"E076 prisma k=1.70 d=(+0.064,+0.033)",False,,300,392.4499336766201,0.42800910670918607,343.1187597188202,428.2878681828134,,,,,,
evaluacion,"E077 esfera k=1.08 d=(-0.014,-0.023)",True,,57,4.755157706513487,0.045628949454519195,4.359804440267909,4.755157706513487,57.0,57.0,53.0,53.0,53.0,53.0
evaluacion,"E078 prisma k=1.71 d=(+0.052,+0.049)",False,170.0,170,551.1059637499802,2.8682648649620344,414.9170764069841,428.28786820016705,,,,,,
evaluacion,"E079 cilindro k=0.62 d=(-0.053,-0.040)",True,,55,4.906004831747233,0.044046071233037325,4.906004831747233,4.906004831747233,55.0,53.0,50.0,47.0,45.0,42.0
evaluacion,"E080 esfera k=1.53 d=(+0.006,+0.064)",False,,300,48.44868185327669,0.19119875876010617,27.900434494363573,361.4732258296862,,,,,,
evaluacion,"E081 prisma k=1.65 d=(-0.061,+0.030)",False,,300,379.94266055625206,2.9367001386904312,379.94266055625206,428.2456219105269,,,,,,
evaluacion,"E082 cilindro k=1.92 d=(-0.074,-0.060)",False,91.0,91,498.72834365994777,1.4005063764689678,430.0141108756755,430.0141108756755,,,,,,
evaluacion,"E083 cilindro k=1.39 d=(-0.012,+0.002)",False,,300,25.882360935832825,0.15059015260515357,12.938515521492585,420.0825954629028,,,,,,
evaluacion,"E084 prisma k=0.63 d=(+0.037,-0.051)",True,,60,4.830399137204908,0.04463411758957244,4.830399137204908,4.830399137204908,60.0,56.0,54.0,54.0,54.0,54.0
evaluacion,"E085 esfera k=1.95 d=(+0.003,+0.067)",False,203.0,203,489.71041307650484,2.2395987572192517,338.1033197230282,427.189372228623,,,,,,
evaluacion,"E086 prisma k=1.51 d=(-0.026,-0.011)",False,,300,16.175692786268325,0.20875271257485603,15.196296671923468,421.45920389221476,,,,,,
evaluacion,"E087 cilindro k=1.18 d=(-0.036,+0.007)",False,,300,16.188502944893045,0.14679381119603443,10.427806635434392,420.43543413011713,,,,,,
evaluacion,"E088 cilindro k=1.48 d=(-0.010,-0.008)",False,,300,22.88839763132642,0.07690586015583879,11.463144112410678,419.2982780476845,,,,,,
evaluacion,"E089 prisma k=1.17 d=(-0.039,-0.059)",True,,74,4.766549460005554,0.04400592605089042,4.180945927781527,4.766549460005554,74.0,74.0,74.0,74.0,74.0,74.0
evaluacion,"E090 cilindro k=0.61 d=(-0.060,+0.052)",False,,300,42.649568158871936,0.05843296704091806,23.689746105659644,36.3501384222628,,,,,,
evaluacion,"E091 cilindro k=1.11 d=(+0.030,-0.052)",True,,69,4.664003902365656,0.048493273210448655,4.664003902365656,4.664003902365656,69.0,68.0,68.0,68.0,68.0,68.0
evaluacion,"E092 esfera k=1.00 d=(+0.002,-0.021)",True,,60,4.382394359614488,0.04403372991342603,4.382394359614488,4.382394359614488,60.0,56.0,52.0,51.0,51.0,51.0
evaluacion,"E093 cilindro k=1.34 d=(+0.069,-0.069)",True,,71,4.918104126323285,0.026442069331492405,4.918104126323285,4.918104126323285,71.0,66.0,60.0,53.0,53.0,53.0
evaluacion,"E094 esfera k=1.40 d=(-0.022,+0.054)",False,,300,44.45838424648212,0.23387494039786205,33.45359432148371,400.78593291861387,,,,,,
evaluacion,"E095 esfera k=1.04 d=(+0.011,-0.052)",True,,57,4.850816545135024,0.04805496891341908,4.850816545135024,4.850816545135024,57.0,54.0,52.0,52.0,52.0,52.0
evaluacion,"E096 esfera k=0.96 d=(-0.004,-0.035)",True,,53,4.93641114625053,0.04897492000353052,4.93641114625053,4.93641114625053,53.0,52.0,50.0,48.0,48.0,48.0
evaluacion,"E097 cilindro k=1.84 d=(+0.027,+0.062)",False,139.0,139,533.8588165907424,2.885683180445948,427.00177966157503,428.2878681828134,,,,,,
evaluacion,"E098 esfera k=0.95 d=(-0.058,-0.023)",True,,85,4.5964262391795945,0.014438090435923414,4.5964262391795945,4.5964262391795945,85.0,77.0,75.0,53.0,52.0,52.0
evaluacion,"E099 prisma k=0.92 d=(-0.068,+0.007)",False,,300,8.696299976740296,0.11738649087296638,8.013921091417483,426.76859581687125,,,,,,
evaluacion,"E100 esfera k=1.03 d=(-0.031,-0.076)",True,,61,4.795105464148235,0.04192066393715787,4.795105464148235,4.795105464148235,61.0,55.0,51.0,48.0,46.0,46.0
contrato,1,True,,57,4.563280659881076,0.04526354764013046,4.563280659881076,4.563280659881076,57.0,52.0,50.0,47.0,45.0,45.0
contrato,2,True,,83,4.667662201714254,0.025809164429705295,4.667662201714254,4.667662201714254,83.0,73.0,72.0,70.0,69.0,65.0
contrato,3,False,,300,85.3224458080803,1.0296964574180052,15.656927847116885,423.47463856578764,,,,,,
contrato,4 dx=+0.08,True,,72,4.523381645489843,0.048542157366496586,4.523381645489843,4.523381645489843,72.0,69.0,69.0,69.0,69.0,69.0
contrato,4 dx=-0.08,False,,300,13.165097698035956,0.16566662745974786,6.350716929651514,419.2283947568381,,,,,,
contrato,4 dy=+0.08,False,,300,30.501063866555683,0.14720434819754,21.069143326470904,381.5826085905333,,,,,,
contrato,4 dy=-0.08,True,,65,4.005416101671075,0.047830108918833054,4.005416101671075,4.005416101671075,65.0,65.0,65.0,65.0,65.0,65.0
contrato,"4 d=+0.06,+0.06",False,,300,17.195414920090055,0.13819857137816022,11.261905726870097,417.6646556125236,,,,,,
contrato,5 k=0.6,True,,68,4.465812034356899,0.027708577580942494,4.465812034356899,4.465812034356899,68.0,52.0,49.0,49.0,49.0,49.0
contrato,5 k=1.0,True,,83,4.667662201714254,0.025809164429705295,4.667662201714254,4.667662201714254,83.0,73.0,72.0,70.0,69.0,65.0
contrato,5 k=1.5,False,,300,25.680661790014117,0.13330467233564347,18.615188968474794,423.5304241984378,,,,,,
contrato,5 k=2.0,False,,300,340.67316071664976,0.44646560085072623,326.0741534441209,422.39938764944065,,,,,,
contrato,6 prisma,True,,83,4.667662201714254,0.025809164429705295,4.667662201714254,4.667662201714254,83.0,73.0,72.0,70.0,69.0,65.0
contrato,6 cilindro,True,,75,4.020535966489894,0.041282387239490057,4.020535966489894,4.020535966489894,75.0,72.0,72.0,72.0,72.0,72.0
contrato,6 esfera,True,,56,4.432030684479551,0.04371544335668937,4.352296068545219,4.432030684479551,56.0,54.0,54.0,54.0,54.0,54.0
contrato,7 holgura=0.08,False,,300,43.38444034912291,0.10548672467956385,34.44618023082972,34.44618023082972,,,,,,
contrato,7 holgura=0.10,False,,300,57.02103601426092,0.5292820471611401,40.41511305201237,423.27347685692234,,,,,,
contrato,7 holgura=0.13,False,,300,48.08680064431533,0.6873885493897883,39.696445488352644,418.5711855499854,,,,,,
contrato,8,False,,300,38.860258229623305,0.21494567936056996,23.974321562959695,428.3238337173482,,,,,,
