escena,forma,k,dx,dy,x,y,r,d_arco,s0,s1,rrt,politica,k_bin,r_bin,d_bin
"E001 cilindro k=1.45 d=(-0.005,-0.047)",cilindro,1.45,-0.005,-0.047,0.207351,-0.25948,0.047265209192385894,0.03215103131105884,1.0,1.0,1.0,1.0,1.2-1.5,3-6 cm,2.5-5 cm
"E002 cilindro k=0.87 d=(-0.035,+0.041)",cilindro,0.87,-0.035,0.041,0.177047,-0.171411,0.05390732788777422,0.05357075837068359,0.0,0.0,1.0,0.0,0.6-0.9,3-6 cm,5-7.5 cm
"E003 prisma k=1.73 d=(-0.040,-0.050)",prisma,1.73,-0.04,-0.05,0.17174,-0.261623,0.06403124237432849,0.012955622619246154,0.0,0.0,1.0,0.0,1.5-1.8,6-9 cm,0-2.5 cm
"E004 cilindro k=1.54 d=(-0.035,-0.047)",cilindro,1.54,-0.035,-0.047,0.176861,-0.259374,0.05860034129593445,0.013934205203892991,1.0,0.0,1.0,0.5,1.5-1.8,3-6 cm,0-2.5 cm
"E005 esfera k=1.51 d=(+0.064,+0.076)",esfera,1.51,0.064,0.076,0.275809,-0.136038,0.09935793878699377,0.00753364356603331,0.0,0.0,1.0,0.0,1.5-1.8,>9 cm,0-2.5 cm
"E006 esfera k=1.58 d=(-0.008,-0.077)",esfera,1.58,-0.008,-0.077,0.203559,-0.289198,0.07741446893184761,0.05365484541428245,1.0,1.0,1.0,1.0,1.5-1.8,6-9 cm,5-7.5 cm
"E007 prisma k=1.13 d=(-0.029,+0.071)",prisma,1.13,-0.029,0.071,0.183364,-0.141193,0.07669419795525603,0.068574375349228,0.0,0.0,1.0,0.0,0.9-1.2,6-9 cm,5-7.5 cm
"E008 prisma k=1.08 d=(+0.050,-0.056)",prisma,1.08,0.05,-0.056,0.261919,-0.268241,0.07507329751649384,0.07490638383735215,1.0,1.0,0.6666666666666666,1.0,0.9-1.2,6-9 cm,5-7.5 cm
"E009 prisma k=1.04 d=(-0.013,+0.049)",prisma,1.04,-0.013,0.049,0.199225,-0.162717,0.0506951674225463,0.04276970879385139,0.0,0.0,1.0,0.0,0.9-1.2,3-6 cm,2.5-5 cm
"E010 prisma k=1.24 d=(+0.009,-0.080)",prisma,1.24,0.009,-0.08,0.22139,-0.291538,0.08050465825031493,0.06607094605281094,1.0,1.0,1.0,1.0,1.2-1.5,6-9 cm,5-7.5 cm
"E011 prisma k=0.68 d=(+0.011,+0.070)",prisma,0.68,0.011,0.07,0.222827,-0.141511,0.0708590149522275,0.036035542070528004,1.0,1.0,1.0,1.0,0.6-0.9,6-9 cm,2.5-5 cm
"E012 esfera k=1.80 d=(+0.007,-0.019)",esfera,1.8,0.007,-0.019,0.219091,-0.231256,0.020248456731316585,0.018559576558294655,0.0,0.0,1.0,0.0,1.5-1.8,0-3 cm,0-2.5 cm
"E013 cilindro k=1.63 d=(+0.078,+0.063)",cilindro,1.63,0.078,0.063,0.290145,-0.149241,0.10026464980241043,0.026277484828481523,0.0,0.0,1.0,0.0,1.5-1.8,>9 cm,2.5-5 cm
"E014 cilindro k=0.89 d=(-0.032,+0.054)",cilindro,0.89,-0.032,0.054,0.17983,-0.158316,0.06276941930590087,0.06041121738278313,0.0,0.0,1.0,0.0,0.6-0.9,6-9 cm,5-7.5 cm
"E015 prisma k=0.93 d=(+0.025,+0.003)",prisma,0.93,0.025,0.003,0.23731,-0.209323,0.025179356624028343,0.016436651526020307,1.0,1.0,1.0,1.0,0.9-1.2,0-3 cm,0-2.5 cm
"E016 prisma k=1.97 d=(-0.017,-0.007)",prisma,1.97,-0.017,-0.007,0.194855,-0.219447,0.018384776310850236,0.006528609854384582,0.0,0.0,1.0,0.0,1.8-2.0,0-3 cm,0-2.5 cm
"E017 prisma k=1.05 d=(+0.020,-0.011)",prisma,1.05,0.02,-0.011,0.232387,-0.222982,0.022825424421026655,0.022063177176466442,1.0,1.0,1.0,1.0,0.9-1.2,0-3 cm,0-2.5 cm
"E018 prisma k=0.74 d=(-0.069,+0.033)",prisma,0.74,-0.069,0.033,0.142636,-0.17876,0.07648529270389177,0.07130770433615388,0.0,0.0,1.0,0.0,0.6-0.9,6-9 cm,5-7.5 cm
"E019 esfera k=1.16 d=(+0.000,-0.041)",esfera,1.16,0.0,-0.041,0.21249,-0.253298,0.041,0.030623466959016743,1.0,1.0,1.0,1.0,0.9-1.2,3-6 cm,2.5-5 cm
"E020 esfera k=1.84 d=(+0.070,-0.049)",esfera,1.84,0.07,-0.049,0.281668,-0.261093,0.08544588931013593,0.08406564135965094,1.0,1.0,1.0,1.0,1.8-2.0,6-9 cm,>7.5 cm
"E021 esfera k=1.54 d=(+0.039,-0.011)",esfera,1.54,0.039,-0.011,0.250512,-0.22255,0.040521599178709615,0.03508918908851716,1.0,1.0,1.0,1.0,1.5-1.8,3-6 cm,2.5-5 cm
"E022 cilindro k=1.34 d=(+0.026,+0.048)",cilindro,1.34,0.026,0.048,0.23758,-0.164324,0.054589376255824724,0.01112869063197014,0.0,0.0,1.0,0.0,1.2-1.5,3-6 cm,0-2.5 cm
"E023 prisma k=1.81 d=(+0.033,-0.024)",prisma,1.81,0.033,-0.024,0.24516,-0.236389,0.040804411526206334,0.04056304103792591,0.0,0.0,1.0,0.0,1.8-2.0,3-6 cm,2.5-5 cm
"E024 cilindro k=0.99 d=(-0.006,-0.010)",cilindro,0.99,-0.006,-0.01,0.206153,-0.221528,0.0116619037896906,0.002611490517131554,1.0,1.0,1.0,1.0,0.9-1.2,0-3 cm,0-2.5 cm
"E025 prisma k=1.39 d=(-0.045,-0.019)",prisma,1.39,-0.045,-0.019,0.167046,-0.230664,0.04884669896727925,0.015201392187391471,0.0,1.0,1.0,0.5,1.2-1.5,3-6 cm,0-2.5 cm
"E026 esfera k=1.07 d=(-0.056,+0.025)",esfera,1.07,-0.056,0.025,0.156426,-0.186863,0.061326992425847854,0.056305777161213766,0.0,0.0,1.0,0.0,0.9-1.2,6-9 cm,5-7.5 cm
"E027 cilindro k=1.84 d=(-0.052,-0.014)",cilindro,1.84,-0.052,-0.014,0.159587,-0.226405,0.053851648071345036,0.023003186671759712,0.0,0.0,1.0,0.0,1.8-2.0,3-6 cm,0-2.5 cm
"E028 prisma k=0.79 d=(+0.008,-0.047)",prisma,0.79,0.008,-0.047,0.2196,-0.259302,0.04767598976424087,0.03979653795175725,1.0,1.0,1.0,1.0,0.6-0.9,3-6 cm,2.5-5 cm
"E029 prisma k=1.37 d=(+0.022,-0.069)",prisma,1.37,0.022,-0.069,0.233652,-0.280939,0.07242237223399964,0.06540385715670821,1.0,1.0,1.0,1.0,1.2-1.5,6-9 cm,5-7.5 cm
"E030 esfera k=0.88 d=(-0.035,-0.022)",esfera,0.88,-0.035,-0.022,0.177361,-0.233942,0.041340053217188776,0.006425846360753329,1.0,1.0,1.0,1.0,0.6-0.9,3-6 cm,0-2.5 cm
"E031 prisma k=1.19 d=(-0.072,-0.010)",prisma,1.19,-0.072,-0.01,0.139866,-0.222118,0.07269112738154498,0.03751399298248298,0.0,0.0,1.0,0.0,0.9-1.2,6-9 cm,2.5-5 cm
"E032 prisma k=1.11 d=(+0.029,+0.029)",prisma,1.11,0.029,0.029,0.24074,-0.182695,0.04101219330881976,0.0022138491614837053,0.0,0.0,1.0,0.0,0.9-1.2,3-6 cm,0-2.5 cm
"E033 prisma k=0.72 d=(+0.010,-0.060)",prisma,0.72,0.01,-0.06,0.221682,-0.272432,0.0608276253029822,0.051229417543576516,1.0,1.0,1.0,1.0,0.6-0.9,6-9 cm,5-7.5 cm
"E034 esfera k=1.30 d=(+0.014,+0.029)",esfera,1.3,0.014,0.029,0.226404,-0.183336,0.03220248437620924,0.008673962523086498,0.0,0.0,1.0,0.0,1.2-1.5,3-6 cm,0-2.5 cm
"E035 esfera k=1.42 d=(-0.005,+0.020)",esfera,1.42,-0.005,0.02,0.207131,-0.192474,0.020615528128088305,0.017246588284066833,0.0,0.0,1.0,0.0,1.2-1.5,0-3 cm,0-2.5 cm
"E036 esfera k=0.78 d=(+0.050,+0.066)",esfera,0.78,0.05,0.066,0.26206,-0.1463,0.08280096617793781,0.00013186035474477276,1.0,1.0,1.0,1.0,0.6-0.9,6-9 cm,0-2.5 cm
"E037 esfera k=1.34 d=(+0.027,-0.020)",esfera,1.34,0.027,-0.02,0.239177,-0.2318,0.03360059523282288,0.03307188012349527,1.0,1.0,1.0,1.0,1.2-1.5,3-6 cm,2.5-5 cm
"E038 prisma k=1.83 d=(+0.028,-0.056)",prisma,1.83,0.028,-0.056,0.239767,-0.26828,0.06260990336999411,0.059808800182819366,0.0,0.0,1.0,0.0,1.8-2.0,6-9 cm,5-7.5 cm
"E039 esfera k=1.38 d=(+0.009,+0.048)",esfera,1.38,0.009,0.048,0.221252,-0.163689,0.04883646178829912,0.02477911375587788,0.0,0.0,1.0,0.0,1.2-1.5,3-6 cm,0-2.5 cm
"E040 cilindro k=1.54 d=(+0.059,+0.034)",cilindro,1.54,0.059,0.034,0.271295,-0.17823,0.06809552114493288,0.024602695498666505,0.0,0.0,1.0,0.0,1.5-1.8,6-9 cm,0-2.5 cm
"E041 esfera k=0.98 d=(-0.024,+0.059)",esfera,0.98,-0.024,0.059,0.18826,-0.153379,0.06369458375717671,0.05716889564761271,0.0,0.0,1.0,0.0,0.9-1.2,6-9 cm,5-7.5 cm
"E042 prisma k=1.59 d=(-0.031,-0.057)",prisma,1.59,-0.031,-0.057,0.181227,-0.26918,0.06488451279003334,0.024501306513548538,0.0,0.0,1.0,0.0,1.5-1.8,6-9 cm,0-2.5 cm
"E043 esfera k=0.87 d=(+0.065,+0.010)",esfera,0.87,0.065,0.01,0.276812,-0.201875,0.06576473218982953,0.042605310771739235,1.0,1.0,1.0,1.0,0.6-0.9,6-9 cm,2.5-5 cm
"E044 esfera k=1.36 d=(-0.022,+0.067)",esfera,1.36,-0.022,0.067,0.189636,-0.144694,0.07051950084905594,0.061466635180736195,0.0,0.0,1.0,0.0,1.2-1.5,6-9 cm,5-7.5 cm
"E045 esfera k=1.63 d=(+0.028,-0.064)",esfera,1.63,0.028,-0.064,0.239863,-0.276195,0.06985699678629192,0.06581134043930353,1.0,1.0,1.0,1.0,1.5-1.8,6-9 cm,5-7.5 cm
"E046 prisma k=1.52 d=(-0.007,-0.051)",prisma,1.52,-0.007,-0.051,0.205237,-0.26296,0.051478150704935,0.033571862975581346,0.0,0.0,1.0,0.0,1.5-1.8,3-6 cm,2.5-5 cm
"E047 esfera k=0.81 d=(-0.046,-0.005)",esfera,0.81,-0.046,-0.005,0.165798,-0.217159,0.046270941205037094,0.026783953463563936,1.0,1.0,1.0,1.0,0.6-0.9,3-6 cm,2.5-5 cm
"E048 cilindro k=0.61 d=(-0.044,-0.036)",cilindro,0.61,-0.044,-0.036,0.167784,-0.247912,0.05685068161420758,0.000647648414113855,1.0,1.0,1.0,1.0,0.6-0.9,3-6 cm,0-2.5 cm
"E049 prisma k=1.92 d=(+0.052,-0.005)",prisma,1.92,0.052,-0.005,0.263741,-0.217191,0.052239831546435904,0.041659546276699266,0.0,0.0,1.0,0.0,1.8-2.0,3-6 cm,2.5-5 cm
"E050 cilindro k=1.05 d=(+0.019,+0.002)",cilindro,1.05,0.019,0.002,0.231362,-0.210408,0.0191049731745428,0.012729757950854459,1.0,1.0,1.0,1.0,0.9-1.2,0-3 cm,0-2.5 cm
"E051 esfera k=1.17 d=(-0.060,+0.077)",esfera,1.17,-0.06,0.077,0.152443,-0.135062,0.09761659694949419,0.09633210343060936,0.0,0.0,1.0,0.0,0.9-1.2,>9 cm,>7.5 cm
"E052 prisma k=1.46 d=(+0.028,+0.066)",prisma,1.46,0.028,0.066,0.240419,-0.145532,0.07169379331573969,0.018964666660933882,0.0,0.0,1.0,0.0,1.2-1.5,6-9 cm,0-2.5 cm
"E053 esfera k=0.66 d=(+0.013,+0.047)",esfera,0.66,0.013,0.047,0.225317,-0.16505,0.04876474136094643,0.020698634108245018,1.0,1.0,1.0,1.0,0.6-0.9,3-6 cm,0-2.5 cm
"E054 prisma k=1.65 d=(-0.078,-0.023)",prisma,1.65,-0.078,-0.023,0.133931,-0.235277,0.0813203541556479,0.029273607695887938,0.0,0.0,1.0,0.0,1.5-1.8,6-9 cm,2.5-5 cm
"E055 prisma k=1.83 d=(+0.026,+0.047)",prisma,1.83,0.026,0.047,0.238394,-0.165381,0.05371219600798314,0.009857665279607963,0.0,0.0,1.0,0.0,1.8-2.0,3-6 cm,0-2.5 cm
"E056 esfera k=1.42 d=(+0.010,+0.003)",esfera,1.42,0.01,0.003,0.222241,-0.209098,0.01044030650891055,0.005144286666160625,0.0,0.0,1.0,0.0,1.2-1.5,0-3 cm,0-2.5 cm
"E057 esfera k=1.37 d=(+0.013,-0.074)",esfera,1.37,0.013,-0.074,0.224792,-0.285614,0.07513321502504734,0.06346499179425796,1.0,1.0,1.0,1.0,1.2-1.5,6-9 cm,5-7.5 cm
"E058 cilindro k=0.66 d=(-0.057,-0.006)",cilindro,0.66,-0.057,-0.006,0.155159,-0.217775,0.0573149195236284,0.032604663642014864,1.0,1.0,1.0,1.0,0.6-0.9,3-6 cm,2.5-5 cm
"E059 esfera k=1.56 d=(+0.059,+0.077)",esfera,1.56,0.059,0.077,0.270763,-0.134584,0.0970051545022222,0.002366425426170604,0.0,0.0,1.0,0.0,1.5-1.8,>9 cm,0-2.5 cm
"E060 cilindro k=0.95 d=(+0.005,-0.059)",cilindro,0.95,0.005,-0.059,0.217205,-0.271062,0.05921148537234985,0.04735085989385435,1.0,1.0,1.0,1.0,0.9-1.2,3-6 cm,2.5-5 cm
"E061 esfera k=1.47 d=(-0.007,+0.077)",esfera,1.47,-0.007,0.077,0.205432,-0.135049,0.07731752712031083,0.05415342380866883,0.0,0.0,1.0,0.0,1.2-1.5,6-9 cm,5-7.5 cm
"E062 prisma k=0.96 d=(-0.061,+0.023)",prisma,0.96,-0.061,0.023,0.151019,-0.188618,0.06519202405202648,0.058373245924628614,0.0,0.0,1.0,0.0,0.9-1.2,6-9 cm,5-7.5 cm
"E063 prisma k=0.78 d=(+0.053,-0.075)",prisma,0.78,0.053,-0.075,0.265447,-0.286705,0.09183681179135085,0.09071967807367981,1.0,1.0,1.0,1.0,0.6-0.9,>9 cm,>7.5 cm
"E064 esfera k=1.50 d=(+0.039,-0.070)",esfera,1.5,0.039,-0.07,0.251198,-0.282299,0.08013114251026252,0.07787982296624413,1.0,1.0,1.0,1.0,1.2-1.5,6-9 cm,>7.5 cm
"E065 cilindro k=1.12 d=(-0.066,-0.054)",cilindro,1.12,-0.066,-0.054,0.146464,-0.265563,0.08527602242131138,0.0032744800753931047,0.0,0.0,1.0,0.0,0.9-1.2,6-9 cm,0-2.5 cm
"E066 cilindro k=1.16 d=(-0.048,-0.072)",cilindro,1.16,-0.048,-0.072,0.164046,-0.283596,0.08653323061113574,0.027624451669895966,1.0,1.0,1.0,1.0,0.9-1.2,6-9 cm,2.5-5 cm
"E067 esfera k=1.08 d=(+0.021,+0.065)",esfera,1.08,0.021,0.065,0.232503,-0.147006,0.06830812543175227,0.02492108578627844,1.0,1.0,1.0,1.0,0.9-1.2,6-9 cm,0-2.5 cm
"E068 cilindro k=1.10 d=(+0.042,-0.069)",cilindro,1.1,0.042,-0.069,0.254017,-0.280671,0.08077747210701756,0.07855098273548305,1.0,1.0,1.0,1.0,0.9-1.2,6-9 cm,>7.5 cm
"E069 cilindro k=1.73 d=(-0.077,-0.074)",cilindro,1.73,-0.077,-0.074,0.134765,-0.285754,0.10679419459877021,0.01593821190384681,0.0,0.0,1.0,0.0,1.5-1.8,>9 cm,0-2.5 cm
"E070 cilindro k=1.33 d=(-0.046,+0.013)",cilindro,1.33,-0.046,0.013,0.165602,-0.198763,0.04780167361086848,0.04129021554452178,0.0,0.0,1.0,0.0,1.2-1.5,3-6 cm,2.5-5 cm
"E071 esfera k=2.00 d=(+0.076,-0.060)",esfera,2.0,0.076,-0.06,0.287985,-0.271535,0.09682974749528163,0.09581133946616538,1.0,1.0,1.0,1.0,1.8-2.0,>9 cm,>7.5 cm
"E072 esfera k=0.63 d=(-0.075,+0.071)",esfera,0.63,-0.075,0.071,0.137325,-0.141496,0.10327632836231156,0.10282172117345176,0.0,0.0,1.0,0.0,0.6-0.9,>9 cm,>7.5 cm
"E073 prisma k=0.72 d=(-0.043,+0.008)",prisma,0.72,-0.043,0.008,0.168895,-0.203825,0.04373785545725807,0.035292327935135204,0.0,0.0,1.0,0.0,0.6-0.9,3-6 cm,2.5-5 cm
"E074 prisma k=1.87 d=(+0.028,+0.072)",prisma,1.87,0.028,0.072,0.240411,-0.139724,0.07725283166331186,0.021934818618008167,0.0,0.0,0.0,0.0,1.8-2.0,6-9 cm,0-2.5 cm
"E075 prisma k=0.99 d=(-0.041,+0.043)",prisma,0.99,-0.041,0.043,0.170604,-0.168991,0.05941380311005179,0.05986736394858777,0.0,0.0,1.0,0.0,0.9-1.2,3-6 cm,5-7.5 cm
"E076 prisma k=1.70 d=(+0.064,+0.033)",prisma,1.7,0.064,0.033,0.275559,-0.17946,0.07200694410957877,0.028844422304834028,0.0,0.0,1.0,0.0,1.5-1.8,6-9 cm,2.5-5 cm
"E077 esfera k=1.08 d=(-0.014,-0.023)",esfera,1.08,-0.014,-0.023,0.197611,-0.23489,0.02692582403567252,0.00695833499190085,1.0,1.0,1.0,1.0,0.9-1.2,0-3 cm,0-2.5 cm
"E078 prisma k=1.71 d=(+0.052,+0.049)",prisma,1.71,0.052,0.049,0.264274,-0.162936,0.071449282711585,0.010465597404929916,0.0,0.0,1.0,0.0,1.5-1.8,6-9 cm,0-2.5 cm
"E079 cilindro k=0.62 d=(-0.053,-0.040)",cilindro,0.62,-0.053,-0.04,0.158801,-0.252308,0.06640030120413612,0.0018774002780064247,1.0,1.0,1.0,1.0,0.6-0.9,6-9 cm,0-2.5 cm
"E080 esfera k=1.53 d=(+0.006,+0.064)",esfera,1.53,0.006,0.064,0.217941,-0.147738,0.0642806347199528,0.036703976245367476,0.0,0.0,1.0,0.0,1.5-1.8,6-9 cm,2.5-5 cm
"E081 prisma k=1.65 d=(-0.061,+0.030)",prisma,1.65,-0.061,0.03,0.151348,-0.18214,0.06797793759742936,0.06318531146907291,0.0,0.0,1.0,0.0,1.5-1.8,6-9 cm,5-7.5 cm
"E082 cilindro k=1.92 d=(-0.074,-0.060)",cilindro,1.92,-0.074,-0.06,0.137661,-0.271686,0.09526804291051642,0.00457155730140002,0.0,0.0,1.0,0.0,1.8-2.0,>9 cm,0-2.5 cm
"E083 cilindro k=1.39 d=(-0.012,+0.002)",cilindro,1.39,-0.012,0.002,0.20032,-0.210314,0.01216552506059644,0.009551930638194817,0.0,0.0,1.0,0.0,1.2-1.5,0-3 cm,0-2.5 cm
"E084 prisma k=0.63 d=(+0.037,-0.051)",prisma,0.63,0.037,-0.051,0.249278,-0.262644,0.06300793600809346,0.06210687927737579,1.0,1.0,1.0,1.0,0.6-0.9,6-9 cm,5-7.5 cm
"E085 esfera k=1.95 d=(+0.003,+0.067)",esfera,1.95,0.003,0.067,0.215103,-0.145266,0.06706713054842886,0.04043977314503672,0.0,0.0,1.0,0.0,1.8-2.0,6-9 cm,2.5-5 cm
"E086 prisma k=1.51 d=(-0.026,-0.011)",prisma,1.51,-0.026,-0.011,0.186181,-0.223254,0.028231188426986208,0.009301335955942125,0.0,0.0,1.0,0.0,1.5-1.8,0-3 cm,0-2.5 cm
"E087 cilindro k=1.18 d=(-0.036,+0.007)",cilindro,1.18,-0.036,0.007,0.175713,-0.205269,0.0366742416417845,0.029795594539985315,0.0,0.0,1.0,0.0,0.9-1.2,3-6 cm,2.5-5 cm
"E088 cilindro k=1.48 d=(-0.010,-0.008)",cilindro,1.48,-0.01,-0.008,0.202387,-0.219959,0.012806248474865698,0.00109790992701303,0.0,0.0,1.0,0.0,1.2-1.5,0-3 cm,0-2.5 cm
"E089 prisma k=1.17 d=(-0.039,-0.059)",prisma,1.17,-0.039,-0.059,0.17283,-0.270888,0.07072481884034769,0.021326185431564282,1.0,1.0,1.0,1.0,0.9-1.2,6-9 cm,0-2.5 cm
"E090 cilindro k=0.61 d=(-0.060,+0.052)",cilindro,0.61,-0.06,0.052,0.151656,-0.159629,0.07939773296511683,0.0798160769333964,0.0,0.0,1.0,0.0,0.6-0.9,6-9 cm,>7.5 cm
"E091 cilindro k=1.11 d=(+0.030,-0.052)",cilindro,1.11,0.03,-0.052,0.241877,-0.263624,0.06003332407921454,0.057773806342778566,1.0,1.0,1.0,1.0,0.9-1.2,6-9 cm,5-7.5 cm
"E092 esfera k=1.00 d=(+0.002,-0.021)",esfera,1.0,0.002,-0.021,0.214195,-0.233245,0.021095023109728987,0.01667448278950423,1.0,1.0,1.0,1.0,0.9-1.2,0-3 cm,0-2.5 cm
"E093 cilindro k=1.34 d=(+0.069,-0.069)",cilindro,1.34,0.069,-0.069,0.280753,-0.280975,0.09758073580374357,0.09720170900186215,1.0,1.0,1.0,1.0,1.2-1.5,>9 cm,>7.5 cm
"E094 esfera k=1.40 d=(-0.022,+0.054)",esfera,1.4,-0.022,0.054,0.190298,-0.158305,0.058309518948453,0.052464544299205496,0.0,0.0,1.0,0.0,1.2-1.5,3-6 cm,5-7.5 cm
"E095 esfera k=1.04 d=(+0.011,-0.052)",esfera,1.04,0.011,-0.052,0.222857,-0.264108,0.05315072906367325,0.04556949823877687,1.0,1.0,1.0,1.0,0.9-1.2,3-6 cm,2.5-5 cm
"E096 esfera k=0.96 d=(-0.004,-0.035)",esfera,0.96,-0.004,-0.035,0.20778,-0.246977,0.03522782990761708,0.02275403472148879,1.0,1.0,1.0,1.0,0.9-1.2,3-6 cm,0-2.5 cm
"E097 cilindro k=1.84 d=(+0.027,+0.062)",cilindro,1.84,0.027,0.062,0.238977,-0.149952,0.06762396025078685,0.01787306255339599,0.0,0.0,1.0,0.0,1.8-2.0,6-9 cm,0-2.5 cm
"E098 esfera k=0.95 d=(-0.058,-0.023)",esfera,0.95,-0.058,-0.023,0.153918,-0.234942,0.062393909959225995,0.019129043708681015,1.0,0.0,1.0,0.5,0.9-1.2,6-9 cm,0-2.5 cm
"E099 prisma k=0.92 d=(-0.068,+0.007)",prisma,0.92,-0.068,0.007,0.14419,-0.204573,0.0683593446428504,0.04971842171466151,0.0,0.0,1.0,0.0,0.9-1.2,6-9 cm,2.5-5 cm
"E100 esfera k=1.03 d=(-0.031,-0.076)",esfera,1.03,-0.031,-0.076,0.181427,-0.28803,0.0820792300158816,0.040407163892007436,1.0,1.0,1.0,1.0,0.9-1.2,6-9 cm,2.5-5 cm
